{"cameraMode":{"drawMode":0,"name":"Shaded","section":"Shading Mode"},"sceneLighting":true,"audioPlay":false,"sceneViewState":{"showFog":true,"showMaterialUpdate":false,"showSkybox":true,"showFlares":true,"showImageEffects":true,"showParticleSystems":true,"showVisualEffectGraphs":true,"m_FxEnabled":true},"in2DMode":false,"pivot":{"x":3.18158221244812,"y":-2.088304042816162,"z":50.64572525024414},"rotation":{"x":-0.015301888808608055,"y":-0.03089410811662674,"z":0.00047422765055671334,"w":-0.9994139671325684},"size":30.78236198425293,"orthographic":false}