{"cameraMode":{"drawMode":0,"name":"Shaded","section":"Shading Mode"},"sceneLighting":true,"audioPlay":false,"sceneViewState":{"m_AlwaysRefresh":false,"showFog":true,"showSkybox":true,"showFlares":true,"showImageEffects":true,"showParticleSystems":true,"showVisualEffectGraphs":true,"m_FxEnabled":true},"in2DMode":false,"pivot":{"x":-4.389706611633301,"y":9.4405517578125,"z":3.4949324131011965},"rotation":{"x":-0.03330288082361221,"y":-0.0068985819816589359,"z":0.00022927988902665675,"w":-0.9994264841079712},"size":17.351333618164064,"orthographic":false}