{"cameraMode":{"drawMode":0,"name":"Shaded","section":"Shading Mode"},"sceneLighting":true,"audioPlay":false,"sceneViewState":{"showFog":true,"showMaterialUpdate":false,"showSkybox":true,"showFlares":true,"showImageEffects":true,"showParticleSystems":true,"showVisualEffectGraphs":true,"m_FxEnabled":true},"in2DMode":false,"pivot":{"x":-8.047990798950196,"y":4.2139434814453129,"z":10.099026679992676},"rotation":{"x":0.08103529363870621,"y":0.15986135601997376,"z":0.013169212266802788,"w":-0.9837270379066467},"size":11.764463424682618,"orthographic":false}