{"cameraMode":{"drawMode":0,"name":"Shaded","section":"Shading Mode"},"sceneLighting":true,"audioPlay":false,"sceneViewState":{"showFog":true,"showMaterialUpdate":false,"showSkybox":true,"showFlares":true,"showImageEffects":true,"showParticleSystems":true,"showVisualEffectGraphs":true,"m_FxEnabled":true},"in2DMode":false,"pivot":{"x":6.664334297180176,"y":-0.09468941390514374,"z":-14.998429298400879},"rotation":{"x":-0.011110549792647362,"y":-0.009607898071408272,"z":0.000042732444853754714,"w":-0.9999549984931946},"size":1.148069143295288,"orthographic":false}