{"cameraMode":{"drawMode":0,"name":"Shaded","section":"Shading Mode"},"sceneLighting":false,"audioPlay":false,"sceneViewState":{"showFog":true,"showMaterialUpdate":false,"showSkybox":false,"showFlares":true,"showImageEffects":true,"showParticleSystems":true,"showVisualEffectGraphs":true,"m_FxEnabled":true},"in2DMode":false,"pivot":{"x":-0.6460551023483276,"y":-0.027773607522249223,"z":-8.9696044921875},"rotation":{"x":0.0008901219116523862,"y":-0.0006074237171560526,"z":-0.00004559322042041458,"w":-1.0000587701797486},"size":0.5786158442497253,"orthographic":false}