{"cameraMode":{"drawMode":0,"name":"Shaded","section":"Shading Mode"},"sceneLighting":false,"audioPlay":false,"sceneViewState":{"showFog":true,"showMaterialUpdate":false,"showSkybox":false,"showFlares":true,"showImageEffects":true,"showParticleSystems":true,"showVisualEffectGraphs":true,"m_FxEnabled":true},"in2DMode":false,"pivot":{"x":-0.0016773936804383994,"y":-0.04349440336227417,"z":-8.63918399810791},"rotation":{"x":0.012890572659671307,"y":0.0023930929601192476,"z":-0.000014225033737602644,"w":-0.9999731779098511},"size":0.2794342637062073,"orthographic":false}