{"cameraMode":{"drawMode":0,"name":"Shaded","section":"Shading Mode"},"sceneLighting":false,"audioPlay":false,"sceneViewState":{"showFog":true,"showMaterialUpdate":false,"showSkybox":false,"showFlares":true,"showImageEffects":true,"showParticleSystems":true,"showVisualEffectGraphs":true,"m_FxEnabled":true},"in2DMode":false,"pivot":{"x":-6.2093939781188969,"y":-0.12668147683143617,"z":-11.096553802490235},"rotation":{"x":-0.0037672901526093485,"y":-0.682116687297821,"z":0.0034531336277723314,"w":-0.7313100695610046},"size":0.4790264666080475,"orthographic":false}